{"train-jaccard-muscle": 0.8558694352283936, "train-jaccard-visceral": 0.7546240957298913, "train-jaccard-subcutaneous": 0.9068304027074366, "train-jaccard-background": 0.9591753050932823, "train-dice-muscle": 0.9223041831896177, "train-dice-visceral": 0.8600226039146099, "train-dice-subcutaneous": 0.9511167432376065, "train-dice-background": 0.9791607768610533, "train-tpf-muscle": 0.9506206638050608, "train-tpf-visceral": 0.8571662773927347, "train-tpf-subcutaneous": 0.9534760389662935, "train-tpf-background": 0.9760275426942188, "train-ftp-muscle": 0.009865163533660874, "train-ftp-visceral": 0.009343335919715671, "train-ftp-subcutaneous": 0.004476619550834329, "train-ftp-background": 0.05979138397217458, "valid-jaccard-muscle": 0.8413650314013164, "valid-jaccard-visceral": 0.6702702776666869, "valid-jaccard-subcutaneous": 0.8782771852281358, "valid-jaccard-background": 0.9550806478217796, "valid-dice-muscle": 0.9134004213191845, "valid-dice-visceral": 0.7928132715048614, "valid-dice-subcutaneous": 0.9345586321972035, "valid-dice-background": 0.9769803413638363, "valid-tpf-muscle": 0.9394466952041344, "valid-tpf-visceral": 0.7808457673699768, "valid-tpf-subcutaneous": 0.9342735299357662, "valid-tpf-background": 0.9741707095393428, "valid-ftp-muscle": 0.010032455550713672, "valid-ftp-visceral": 0.011176253104134014, "valid-ftp-subcutaneous": 0.004742254249544608, "valid-ftp-background": 0.07617504287649084, "_step": 33, "_runtime": 29099, "_timestamp": 1613315313, "examples": {"_type": "images/separated", "width": 1440, "height": 360, "format": "png", "count": 1, "captions": ["effb3-base_0.9047loss_18epochs"]}}