{"train-jaccard-muscle": 0.8728622334133547, "train-jaccard-visceral": 0.7560991146027557, "train-jaccard-subcutaneous": 0.9010697753450257, "train-jaccard-background": 0.9644864933620851, "train-dice-muscle": 0.9319324127730023, "train-dice-visceral": 0.860705662859036, "train-dice-subcutaneous": 0.947794723356205, "train-dice-background": 0.9819158956448932, "train-tpf-muscle": 0.9478146780999913, "train-tpf-visceral": 0.8523530261251342, "train-tpf-subcutaneous": 0.9454877739539159, "train-tpf-background": 0.9812503659585028, "train-ftp-muscle": 0.007149159260833159, "train-ftp-visceral": 0.008154348890727539, "train-ftp-subcutaneous": 0.004433226118575728, "train-ftp-background": 0.06182921825177273, "valid-jaccard-muscle": 0.875501788712238, "valid-jaccard-visceral": 0.7601374485524343, "valid-jaccard-subcutaneous": 0.9059733365930895, "valid-jaccard-background": 0.964874232491193, "valid-dice-muscle": 0.9334339005524345, "valid-dice-visceral": 0.8633385398419545, "valid-dice-subcutaneous": 0.9504953650139785, "valid-dice-background": 0.982117472641143, "valid-tpf-muscle": 0.9529372339369448, "valid-tpf-visceral": 0.8494503158711985, "valid-tpf-subcutaneous": 0.9433635394880941, "valid-tpf-background": 0.9820575638616905, "valid-ftp-muscle": 0.0074345034292131774, "valid-ftp-visceral": 0.0076082891995813, "valid-ftp-subcutaneous": 0.003717755427273986, "valid-ftp-background": 0.06298967113828487, "_runtime": 105847, "_timestamp": 1614417176, "_step": 41, "examples": {"_type": "images/separated", "width": 1440, "height": 360, "format": "png", "count": 1, "captions": ["resnet152_0.9323loss_21epochs"]}}