{"train-jaccard-muscle": 0.8685830179057209, "train-jaccard-visceral": 0.7565802498003212, "train-jaccard-subcutaneous": 0.8964893076482364, "train-jaccard-background": 0.9637920725298891, "train-dice-muscle": 0.9294897722558225, "train-dice-visceral": 0.8610290074010624, "train-dice-subcutaneous": 0.9452504754282101, "train-dice-background": 0.9815550456932592, "train-tpf-muscle": 0.9459226496578305, "train-tpf-visceral": 0.8525655534492403, "train-tpf-subcutaneous": 0.9431877583130533, "train-tpf-background": 0.9808046059289323, "train-ftp-muscle": 0.007509910044020824, "train-ftp-visceral": 0.008153647847837503, "train-ftp-subcutaneous": 0.0048453484218677675, "train-ftp-background": 0.06138362741349942, "valid-jaccard-muscle": 0.8574461441563467, "valid-jaccard-visceral": 0.7401898951237107, "valid-jaccard-subcutaneous": 0.8885220639380672, "valid-jaccard-background": 0.9607102999641179, "valid-dice-muscle": 0.9230429457525292, "valid-dice-visceral": 0.8502801420173829, "valid-dice-subcutaneous": 0.9407654692238001, "valid-dice-background": 0.9799536147364949, "valid-tpf-muscle": 0.9389729970758298, "valid-tpf-visceral": 0.8481399577978292, "valid-tpf-subcutaneous": 0.9341493222336718, "valid-tpf-background": 0.9791768900016536, "valid-ftp-muscle": 0.00811211523443766, "valid-ftp-visceral": 0.009485982367443089, "valid-ftp-subcutaneous": 0.004796515516622219, "valid-ftp-background": 0.06629256246694609, "_runtime": 51667, "_timestamp": 1614297827, "_step": 19, "examples": {"_type": "images/separated", "width": 1440, "height": 360, "format": "png", "count": 1, "captions": ["resnet152_0.9238loss_10epochs"]}}