{"train-jaccard-muscle": 0.051743339747190475, "train-jaccard-visceral": 0.09689944237470627, "train-jaccard-subcutaneous": 0.03454972431063652, "train-jaccard-background": 0.09210768342018127, "train-dice-muscle": 0.09839537739753723, "train-dice-visceral": 0.17667880654335022, "train-dice-subcutaneous": 0.06679181009531021, "train-dice-background": 0.16867876052856445, "train-tpf-muscle": 0.08851724863052368, "train-tpf-visceral": 0.4414900839328766, "train-tpf-subcutaneous": 0.45934268832206726, "train-tpf-background": 0.0969226136803627, "train-ftp-muscle": 0.06951351463794708, "train-ftp-visceral": 0.18778309226036072, "train-ftp-subcutaneous": 0.6143397688865662, "train-ftp-background": 0.2275092899799347, "valid-jaccard-muscle": 0.0013252453645691276, "valid-jaccard-visceral": 0.033132534474134445, "valid-jaccard-subcutaneous": 0.012515679933130741, "valid-jaccard-background": 0.739132285118103, "valid-dice-muscle": 0.002646982902660966, "valid-dice-visceral": 0.0641399547457695, "valid-dice-subcutaneous": 0.02472194842994213, "valid-dice-background": 0.8500012159347534, "valid-tpf-muscle": 0.0013283798471093178, "valid-tpf-visceral": 0.15425486862659454, "valid-tpf-subcutaneous": 0.018754327669739723, "valid-tpf-background": 0.8350261449813843, "valid-ftp-muscle": 0.00017978435789700598, "valid-ftp-visceral": 0.15427559614181519, "valid-ftp-subcutaneous": 0.013827668502926826, "valid-ftp-background": 0.8095245957374573, "_step": 0, "_runtime": 7, "_timestamp": 1613286053}