{"train-jaccard-muscle": 0.06402108859684733, "train-jaccard-visceral": 0.1279744878411293, "train-jaccard-subcutaneous": 0.05964301195409563, "train-jaccard-background": 0.5735126071506076, "train-dice-muscle": 0.11992084980010986, "train-dice-visceral": 0.22609563171863556, "train-dice-subcutaneous": 0.11234541734059651, "train-dice-background": 0.7269521223174201, "train-tpf-muscle": 0.13889519456360075, "train-tpf-visceral": 0.33794570797019535, "train-tpf-subcutaneous": 0.33370563719007706, "train-tpf-background": 0.6054380701647865, "train-ftp-muscle": 0.12353761080238554, "train-ftp-visceral": 0.08352180115050739, "train-ftp-subcutaneous": 0.23603295617633396, "train-ftp-background": 0.24519596497217813, "valid-jaccard-muscle": 0.057645848434832364, "valid-jaccard-visceral": 0.05084577161404821, "valid-jaccard-subcutaneous": 0.027820400272806484, "valid-jaccard-background": 0.34207942005660796, "valid-dice-muscle": 0.1086178682744503, "valid-dice-visceral": 0.09667973634269503, "valid-dice-subcutaneous": 0.05411017479168044, "valid-dice-background": 0.4540129866864946, "valid-tpf-muscle": 0.39377040912707645, "valid-tpf-visceral": 0.09019083281358083, "valid-tpf-subcutaneous": 0.21353521363602745, "valid-tpf-background": 0.3571217796868748, "valid-ftp-muscle": 0.45666166622605586, "valid-ftp-visceral": 0.0329387995103995, "valid-ftp-subcutaneous": 0.1736923423078325, "valid-ftp-background": 0.21692249013317955, "_step": 13, "_runtime": 78, "_timestamp": 1613286191, "examples": {"_type": "images/separated", "width": 1440, "height": 360, "format": "png", "count": 1, "captions": ["effb3-base_0.2735loss_2epochs"]}}