{"train-jaccard-muscle": 0.8882872771864238, "train-jaccard-visceral": 0.791924039008657, "train-jaccard-subcutaneous": 0.9207324287587305, "train-jaccard-background": 0.9651799270273798, "train-dice-muscle": 0.9408198978455803, "train-dice-visceral": 0.8837673937326879, "train-dice-subcutaneous": 0.958713986186135, "train-dice-background": 0.9822803903198948, "train-tpf-muscle": 0.9564292856152969, "train-tpf-visceral": 0.8819463417181908, "train-tpf-subcutaneous": 0.9594200252384883, "train-tpf-background": 0.9806674869796485, "train-ftp-muscle": 0.0068344047410127855, "train-ftp-visceral": 0.00782673457351663, "train-ftp-subcutaneous": 0.003650769649001179, "train-ftp-background": 0.05461122972164269, "valid-jaccard-muscle": 0.877757477318799, "valid-jaccard-visceral": 0.7072663796893148, "valid-jaccard-subcutaneous": 0.8992388592825995, "valid-jaccard-background": 0.9607917896023503, "valid-dice-muscle": 0.9346346316514191, "valid-dice-visceral": 0.820033479316367, "valid-dice-subcutaneous": 0.946526747279697, "valid-dice-background": 0.9799665437804328, "valid-tpf-muscle": 0.9540838064970794, "valid-tpf-visceral": 0.7974238444257665, "valid-tpf-subcutaneous": 0.9454776529912595, "valid-tpf-background": 0.9790298717993277, "valid-ftp-muscle": 0.007479974627494812, "valid-ftp-visceral": 0.008687860300522987, "valid-ftp-subcutaneous": 0.0038284328455726307, "valid-ftp-background": 0.07184494260560584, "_step": 25, "_runtime": 24680, "_timestamp": 1613383035, "examples": {"_type": "images/separated", "width": 1440, "height": 360, "format": "png", "count": 1, "captions": ["effb3-base_0.9212loss_12epochs"]}}